Stage,Mean (sample),Std Dev (sample)
Before Scaling,33.75486249261869,49.010797202945014
After Scaling,-5.438232339257878e-19,0.8522719182863671
